UPI Id,Name
lakshmi.nair@upi,LAKSHMI NAIR
arjun.raj@upi,ARJUN RAJ
divya.iyer@upi,DIVYA IYER
karthik.subramanian@upi,KARTHIK SUBRAMANIAN
meera.ramesh@upi,MEERA RAMESH
vasudha.mohan@upi,VASUDHA MOHAN
rahul.sharma@upi,RAHUL SHARMA
anjali.verma@upi,ANJALI VERMA
rohan.patel@upi,ROHAN PATEL
sneha.gupta@upi,SNEHA GUPTA
amit.singh@upi,AMIT SINGH
priya.joshi@upi,PRIYA JOSHI
vikram.mehta@upi,VIKRAM MEHTA
neha.kumar@upi,NEHA KUMAR